INSERT INTO ADDRESS (STREET, POSTAL_CODE, CITY, COUNTRY) VALUES ('Polna 44', '04-222', 'Warszawa', 'Polska');
INSERT INTO ADDRESS (STREET, POSTAL_CODE, CITY, COUNTRY) VALUES ('Leśna 3', '25-554', 'Wrocław', 'Polska');
INSERT INTO ADDRESS (STREET, POSTAL_CODE, CITY, COUNTRY) VALUES ('Szkolna 17', '18-322', 'Białystok', 'Polska');
INSERT INTO ADDRESS (STREET, POSTAL_CODE, CITY, COUNTRY) VALUES ('Słoneczna 13', '44-123', 'Poznań', 'Polska');
INSERT INTO ADDRESS (STREET, POSTAL_CODE, CITY, COUNTRY) VALUES ('Marszałkowska 321', '00-932', 'Warszawa', 'Polska');
INSERT INTO ADDRESS (STREET, POSTAL_CODE, CITY, COUNTRY) VALUES ('Józefa Piłsudskiego', '83-324', 'Szczecin', 'Polska');
INSERT INTO ADDRESS (STREET, POSTAL_CODE, CITY, COUNTRY) VALUES ('Hell 1939', '12-234', 'Berlin', 'Niemcy');
INSERT INTO ADDRESS (STREET, POSTAL_CODE, CITY, COUNTRY) VALUES ('Schnitzel 77', '45-234', 'Frankfurt', 'Niemcy');


INSERT INTO PERSON (BIRTH_DATE, DRIVING_LICENCE_DATE, NAME, SURNAME, ADDRESS_ID) VALUES (TO_DATE('30/03/1975', 'DD/MM/YYYY'), TO_DATE('14/04/1995', 'DD/MM/YYYY'), 'Tomasz', 'Złomiarz', 1);
INSERT INTO PERSON (BIRTH_DATE, DRIVING_LICENCE_DATE, NAME, SURNAME, ADDRESS_ID) VALUES (TO_DATE('05/07/1945', 'DD/MM/YYYY'), TO_DATE('22/03/1967', 'DD/MM/YYYY'), 'Jurek', 'Ogórek', 2);
INSERT INTO PERSON (BIRTH_DATE, DRIVING_LICENCE_DATE, NAME, SURNAME, ADDRESS_ID) VALUES (TO_DATE('23/11/1967', 'DD/MM/YYYY'), TO_DATE('09/10/1986', 'DD/MM/YYYY'), 'Karolina', 'Malina', 3);
INSERT INTO PERSON (BIRTH_DATE, DRIVING_LICENCE_DATE, NAME, SURNAME, ADDRESS_ID) VALUES (TO_DATE('28/01/1988', 'DD/MM/YYYY'), TO_DATE('12/01/2010', 'DD/MM/YYYY'), 'Zenek', 'Błazenek', 4);
INSERT INTO PERSON (BIRTH_DATE, DRIVING_LICENCE_DATE, NAME, SURNAME, ADDRESS_ID) VALUES (TO_DATE('06/05/1997', 'DD/MM/YYYY'), TO_DATE('29/04/2016', 'DD/MM/YYYY'), 'Jan', 'Kowalski', 5);
INSERT INTO PERSON (BIRTH_DATE, DRIVING_LICENCE_DATE, NAME, SURNAME, ADDRESS_ID) VALUES (TO_DATE('11/09/1952', 'DD/MM/YYYY'), TO_DATE('19/12/1972', 'DD/MM/YYYY'), 'Piotr', 'Nowak', 6);
INSERT INTO PERSON (BIRTH_DATE, DRIVING_LICENCE_DATE, NAME, SURNAME, ADDRESS_ID) VALUES (TO_DATE('08/10/1976', 'DD/MM/YYYY'), TO_DATE('25/03/1995', 'DD/MM/YYYY'), 'Bogdan', 'Schetyna', 7);
INSERT INTO PERSON (BIRTH_DATE, DRIVING_LICENCE_DATE, NAME, SURNAME, ADDRESS_ID) VALUES (TO_DATE('14/12/1972', 'DD/MM/YYYY'), TO_DATE('13/02/1998', 'DD/MM/YYYY'), 'Mirosław', 'Kwiatkowski', 8);
INSERT INTO PERSON (BIRTH_DATE, DRIVING_LICENCE_DATE, NAME, SURNAME, ADDRESS_ID) VALUES (TO_DATE('17/02/2001', 'DD/MM/YYYY'), TO_DATE('23/07/2020', 'DD/MM/YYYY'), 'Remigiusz', 'Sztacheta', 1);
INSERT INTO PERSON (BIRTH_DATE, DRIVING_LICENCE_DATE, NAME, SURNAME, ADDRESS_ID) VALUES (TO_DATE('02/07/1992', 'DD/MM/YYYY'), TO_DATE('08/11/2012', 'DD/MM/YYYY'), 'Barbara', 'Kwiatkowska', 3);
INSERT INTO PERSON (BIRTH_DATE, DRIVING_LICENCE_DATE, NAME, SURNAME, ADDRESS_ID) VALUES (TO_DATE('15/03/1990', 'DD/MM/YYYY'), TO_DATE('11/08/2018', 'DD/MM/YYYY'), 'Anna', 'Jaki', 4);
INSERT INTO PERSON (BIRTH_DATE, DRIVING_LICENCE_DATE, NAME, SURNAME, ADDRESS_ID) VALUES (TO_DATE('09/03/1958', 'DD/MM/YYYY'), TO_DATE('19/05/1989', 'DD/MM/YYYY'), 'Teresa', 'Palikot', 5);


INSERT INTO CAR_MODEL (BRAND, ENGINE_CAPACITY, ENGINE_TYPE, MODEL_GENERATION, MODEL_NAME) VALUES ('Porsche', 3200, 'Gasoline', '5', '911');
INSERT INTO CAR_MODEL (BRAND, ENGINE_CAPACITY, ENGINE_TYPE, MODEL_GENERATION, MODEL_NAME) VALUES ('Porsche', 2800, 'Diesel', '1', 'Panamera');
INSERT INTO CAR_MODEL (BRAND, ENGINE_CAPACITY, ENGINE_TYPE, MODEL_GENERATION, MODEL_NAME) VALUES ('Volkswagen', 1900, 'Diesel', '5', 'Passat');
INSERT INTO CAR_MODEL (BRAND, ENGINE_CAPACITY, ENGINE_TYPE, MODEL_GENERATION, MODEL_NAME) VALUES ('Volkswagen', 1800, 'Gasoline', '5', 'Passat');
INSERT INTO CAR_MODEL (BRAND, ENGINE_CAPACITY, ENGINE_TYPE, MODEL_GENERATION, MODEL_NAME) VALUES ('Volkswagen', 2000, 'Gasoline', '7', 'Passat');
INSERT INTO CAR_MODEL (BRAND, ENGINE_CAPACITY, ENGINE_TYPE, MODEL_GENERATION, MODEL_NAME) VALUES ('Volkswagen', 2000, 'Gasoline', '8', 'Passat');
INSERT INTO CAR_MODEL (BRAND, ENGINE_CAPACITY, ENGINE_TYPE, MODEL_GENERATION, MODEL_NAME) VALUES ('Volkswagen', 2000, 'Gasoline', '4', 'Passat');
INSERT INTO CAR_MODEL (BRAND, ENGINE_CAPACITY, ENGINE_TYPE, MODEL_GENERATION, MODEL_NAME) VALUES ('Volkswagen', 1600, 'Diesel', '4', 'Passat');
INSERT INTO CAR_MODEL (BRAND, ENGINE_CAPACITY, ENGINE_TYPE, MODEL_GENERATION, MODEL_NAME) VALUES ('Volkswagen', 1800, 'Diesel', '8', 'Passat');
INSERT INTO CAR_MODEL (BRAND, ENGINE_CAPACITY, ENGINE_TYPE, MODEL_GENERATION, MODEL_NAME) VALUES ('Volkswagen', 2000, 'Diesel', '7', 'Passat');
INSERT INTO CAR_MODEL (BRAND, ENGINE_CAPACITY, ENGINE_TYPE, MODEL_GENERATION, MODEL_NAME) VALUES ('Volkswagen', 1800, 'Diesel', '7', 'Passat');
INSERT INTO CAR_MODEL (BRAND, ENGINE_CAPACITY, ENGINE_TYPE, MODEL_GENERATION, MODEL_NAME) VALUES ('Volkswagen', 1200, 'Gasoline', '7', 'Golf');
INSERT INTO CAR_MODEL (BRAND, ENGINE_CAPACITY, ENGINE_TYPE, MODEL_GENERATION, MODEL_NAME) VALUES ('Volkswagen', 2000, 'Diesel', '2', 'Tiguan');
INSERT INTO CAR_MODEL (BRAND, ENGINE_CAPACITY, ENGINE_TYPE, MODEL_GENERATION, MODEL_NAME) VALUES ('Skoda', 1400, 'Gasoline', '2', 'Fabia');
INSERT INTO CAR_MODEL (BRAND, ENGINE_CAPACITY, ENGINE_TYPE, MODEL_GENERATION, MODEL_NAME) VALUES ('Skoda', 1200, 'Disel', '2', 'Fabia');
INSERT INTO CAR_MODEL (BRAND, ENGINE_CAPACITY, ENGINE_TYPE, MODEL_GENERATION, MODEL_NAME) VALUES ('Skoda', 1900, 'Diesel', '1', 'Octavia');
INSERT INTO CAR_MODEL (BRAND, ENGINE_CAPACITY, ENGINE_TYPE, MODEL_GENERATION, MODEL_NAME) VALUES ('Skoda', 1800, 'Gasoline', '3', 'Octavia');
INSERT INTO CAR_MODEL (BRAND, ENGINE_CAPACITY, ENGINE_TYPE, MODEL_GENERATION, MODEL_NAME) VALUES ('Toyota', 1800, 'Gasoline', '5', 'Corolla');
INSERT INTO CAR_MODEL (BRAND, ENGINE_CAPACITY, ENGINE_TYPE, MODEL_GENERATION, MODEL_NAME) VALUES ('Toyota', 2400, 'Hybrid', '4', 'Camry');
INSERT INTO CAR_MODEL (BRAND, ENGINE_CAPACITY, ENGINE_TYPE, MODEL_GENERATION, MODEL_NAME) VALUES ('Toyota', 2000, 'Diesel', '2', 'Avensis');
INSERT INTO CAR_MODEL (BRAND, ENGINE_CAPACITY, ENGINE_TYPE, MODEL_GENERATION, MODEL_NAME) VALUES ('Tesla', 0, 'Electric', '1', 'S');
INSERT INTO CAR_MODEL (BRAND, ENGINE_CAPACITY, ENGINE_TYPE, MODEL_GENERATION, MODEL_NAME) VALUES ('Mazda', 2200, 'Gasoline', '3', '6');
INSERT INTO CAR_MODEL (BRAND, ENGINE_CAPACITY, ENGINE_TYPE, MODEL_GENERATION, MODEL_NAME) VALUES ('Hyundai', 2000, 'Gasoline', '3', 'Tucson');
INSERT INTO CAR_MODEL (BRAND, ENGINE_CAPACITY, ENGINE_TYPE, MODEL_GENERATION, MODEL_NAME) VALUES ('Hyundai', 2200, 'Gasoline', '1', 'ix35');
INSERT INTO CAR_MODEL (BRAND, ENGINE_CAPACITY, ENGINE_TYPE, MODEL_GENERATION, MODEL_NAME) VALUES ('Hyundai', 1200, 'Gasoline', '3', 'i20');
INSERT INTO CAR_MODEL (BRAND, ENGINE_CAPACITY, ENGINE_TYPE, MODEL_GENERATION, MODEL_NAME) VALUES ('Hyundai', 1600, 'Diesel', '2', 'i40');
INSERT INTO CAR_MODEL (BRAND, ENGINE_CAPACITY, ENGINE_TYPE, MODEL_GENERATION, MODEL_NAME) VALUES ('Renault', 1600, 'Diesel', '2', 'Megane');
INSERT INTO CAR_MODEL (BRAND, ENGINE_CAPACITY, ENGINE_TYPE, MODEL_GENERATION, MODEL_NAME) VALUES ('Renault', 1600, 'Gasoline', '3', 'Megane');
INSERT INTO CAR_MODEL (BRAND, ENGINE_CAPACITY, ENGINE_TYPE, MODEL_GENERATION, MODEL_NAME) VALUES ('Renault', 1400, 'Diesel', '3', 'Megane');
INSERT INTO CAR_MODEL (BRAND, ENGINE_CAPACITY, ENGINE_TYPE, MODEL_GENERATION, MODEL_NAME) VALUES ('Renault', 1000, 'Gasoline', '2', 'Clio');
INSERT INTO CAR_MODEL (BRAND, ENGINE_CAPACITY, ENGINE_TYPE, MODEL_GENERATION, MODEL_NAME) VALUES ('Renault', 1200, 'Diesel', '2', 'Clio');
INSERT INTO CAR_MODEL (BRAND, ENGINE_CAPACITY, ENGINE_TYPE, MODEL_GENERATION, MODEL_NAME) VALUES ('Opel', 1200, 'Diesel', '4', 'Astra');
INSERT INTO CAR_MODEL (BRAND, ENGINE_CAPACITY, ENGINE_TYPE, MODEL_GENERATION, MODEL_NAME) VALUES ('Opel', 1400, 'Diesel', '4', 'Astra');
INSERT INTO CAR_MODEL (BRAND, ENGINE_CAPACITY, ENGINE_TYPE, MODEL_GENERATION, MODEL_NAME) VALUES ('Opel', 1600, 'Gasoline', '3', 'Astra');
INSERT INTO CAR_MODEL (BRAND, ENGINE_CAPACITY, ENGINE_TYPE, MODEL_GENERATION, MODEL_NAME) VALUES ('Opel', 1800, 'Gasoline', '1', 'Insignia');
INSERT INTO CAR_MODEL (BRAND, ENGINE_CAPACITY, ENGINE_TYPE, MODEL_GENERATION, MODEL_NAME) VALUES ('Opel', 1600, 'Diesel', '1', 'Insignia');
INSERT INTO CAR_MODEL (BRAND, ENGINE_CAPACITY, ENGINE_TYPE, MODEL_GENERATION, MODEL_NAME) VALUES ('Opel', 2000, 'Diesel', '1', 'Insignia');


INSERT INTO CAR (VIN_NUMBER, MANUFACTURE_YEAR, REGISTRATION_NUMBER, CAR_MODEL_ID) VALUES ('DH3KSME832MS92MS2', TO_DATE('10/05/2020', 'DD/MM/YYYY'), 'BBI9324', 1);
INSERT INTO CAR (VIN_NUMBER, MANUFACTURE_YEAR, REGISTRATION_NUMBER, CAR_MODEL_ID) VALUES ('HD3ND82N72JE92J83', TO_DATE('13/11/1999', 'DD/MM/YYYY'), 'WF4839K', 4);
INSERT INTO CAR (VIN_NUMBER, MANUFACTURE_YEAR, REGISTRATION_NUMBER, CAR_MODEL_ID) VALUES ('JW3NS8N29S28SM20W', TO_DATE('12/10/2017', 'DD/MM/YYYY'), 'WWI9K2J', 9);
INSERT INTO CAR (VIN_NUMBER, MANUFACTURE_YEAR, REGISTRATION_NUMBER, CAR_MODEL_ID) VALUES ('J8HE82JW92J4R9DN3', TO_DATE('23/01/2008', 'DD/MM/YYYY'), 'KRA82GG', 14);
INSERT INTO CAR (VIN_NUMBER, MANUFACTURE_YEAR, REGISTRATION_NUMBER, CAR_MODEL_ID) VALUES ('S2J3N20SJSKWIJWOM', TO_DATE('21/09/2009', 'DD/MM/YYYY'), 'LLUD212', 20);
INSERT INTO CAR (VIN_NUMBER, MANUFACTURE_YEAR, REGISTRATION_NUMBER, CAR_MODEL_ID) VALUES ('L223ND392DND2DK2N', TO_DATE('13/07/2015', 'DD/MM/YYYY'), 'DWO23HU', 23);
INSERT INTO CAR (VIN_NUMBER, MANUFACTURE_YEAR, REGISTRATION_NUMBER, CAR_MODEL_ID) VALUES ('N823N23ID9DJ2393E', TO_DATE('11/04/2005', 'DD/MM/YYYY'), 'TWO01JN', 30);
INSERT INTO CAR (VIN_NUMBER, MANUFACTURE_YEAR, REGISTRATION_NUMBER, CAR_MODEL_ID) VALUES ('XCD3D3E3FFJ93JEHE', TO_DATE('18/09/2004', 'DD/MM/YYYY'), 'WE84H3M', 31);
INSERT INTO CAR (VIN_NUMBER, MANUFACTURE_YEAR, REGISTRATION_NUMBER, CAR_MODEL_ID) VALUES ('I912H22JDJ8HQONDQ', TO_DATE('13/05/2011', 'DD/MM/YYYY'), 'WF7BBDK', 32);
INSERT INTO CAR (VIN_NUMBER, MANUFACTURE_YEAR, REGISTRATION_NUMBER, CAR_MODEL_ID) VALUES ('HHW9ND39D3JND3IHE', TO_DATE('01/06/2013', 'DD/MM/YYYY'), 'WH00E9K', 35);


INSERT INTO ACCIDENT (ACCIDENT_DATE, TYPE) VALUES (TO_DATE('01/07/2021', 'DD/MM/YYYY'), 'Collision');
INSERT INTO ACCIDENT (ACCIDENT_DATE, TYPE) VALUES (TO_DATE('19/11/2022', 'DD/MM/YYYY'), 'Collision');
INSERT INTO ACCIDENT (ACCIDENT_DATE, TYPE) VALUES (TO_DATE('08/04/2020', 'DD/MM/YYYY'), 'Collision');
INSERT INTO ACCIDENT (ACCIDENT_DATE, TYPE) VALUES (TO_DATE('04/02/2019', 'DD/MM/YYYY'), 'Collision');
INSERT INTO ACCIDENT (ACCIDENT_DATE, TYPE) VALUES (TO_DATE('02/09/2020', 'DD/MM/YYYY'), 'Collision');
INSERT INTO ACCIDENT (ACCIDENT_DATE, TYPE) VALUES (TO_DATE('21/06/2020', 'DD/MM/YYYY'), 'Weather');
INSERT INTO ACCIDENT (ACCIDENT_DATE, TYPE) VALUES (TO_DATE('26/02/2021', 'DD/MM/YYYY'), 'Weather');
INSERT INTO ACCIDENT (ACCIDENT_DATE, TYPE) VALUES (TO_DATE('21/12/2022', 'DD/MM/YYYY'), 'Weather');
INSERT INTO ACCIDENT (ACCIDENT_DATE, TYPE) VALUES (TO_DATE('12/03/2022', 'DD/MM/YYYY'), 'Theft');
INSERT INTO ACCIDENT (ACCIDENT_DATE, TYPE) VALUES (TO_DATE('07/07/2021', 'DD/MM/YYYY'), 'Theft');


INSERT INTO INSURANCE_POLICY (CREATION_DATE, EXPIRATION_DATE, INSURANCE_AMOUNT, INSURANCE_PRICE, CAR_VIN_NUMBER) VALUES (TO_DATE('07/07/2022', 'DD/MM/YYYY'), TO_DATE('07/07/2023', 'DD/MM/YYYY'), 500000, 21000, 'DH3KSME832MS92MS2');
INSERT INTO INSURANCE_POLICY (CREATION_DATE, EXPIRATION_DATE, INSURANCE_AMOUNT, INSURANCE_PRICE, CAR_VIN_NUMBER) VALUES (TO_DATE('08/09/2020', 'DD/MM/YYYY'), TO_DATE('08/09/2021', 'DD/MM/YYYY'), 300000, 13300, 'HD3ND82N72JE92J83');
INSERT INTO INSURANCE_POLICY (CREATION_DATE, EXPIRATION_DATE, INSURANCE_AMOUNT, INSURANCE_PRICE, CAR_VIN_NUMBER) VALUES (TO_DATE('09/09/2021', 'DD/MM/YYYY'), TO_DATE('09/09/2022', 'DD/MM/YYYY'), 270000, 14000, 'HD3ND82N72JE92J83');
INSERT INTO INSURANCE_POLICY (CREATION_DATE, EXPIRATION_DATE, INSURANCE_AMOUNT, INSURANCE_PRICE, CAR_VIN_NUMBER) VALUES (TO_DATE('10/09/2022', 'DD/MM/YYYY'), TO_DATE('10/09/2023', 'DD/MM/YYYY'), 280000, 16000, 'HD3ND82N72JE92J83');
INSERT INTO INSURANCE_POLICY (CREATION_DATE, EXPIRATION_DATE, INSURANCE_AMOUNT, INSURANCE_PRICE, CAR_VIN_NUMBER) VALUES (TO_DATE('21/07/2022', 'DD/MM/YYYY'), TO_DATE('21/07/2023', 'DD/MM/YYYY'), 57000, 4000, 'JW3NS8N29S28SM20W');
INSERT INTO INSURANCE_POLICY (CREATION_DATE, EXPIRATION_DATE, INSURANCE_AMOUNT, INSURANCE_PRICE, CAR_VIN_NUMBER) VALUES (TO_DATE('17/06/2022', 'DD/MM/YYYY'), TO_DATE('17/06/2023', 'DD/MM/YYYY'), 8000, 700, 'J8HE82JW92J4R9DN3');
INSERT INTO INSURANCE_POLICY (CREATION_DATE, EXPIRATION_DATE, INSURANCE_AMOUNT, INSURANCE_PRICE, CAR_VIN_NUMBER) VALUES (TO_DATE('02/12/2022', 'DD/MM/YYYY'), TO_DATE('02/12/2023', 'DD/MM/YYYY'), 34000, 3500, 'S2J3N20SJSKWIJWOM');
INSERT INTO INSURANCE_POLICY (CREATION_DATE, EXPIRATION_DATE, INSURANCE_AMOUNT, INSURANCE_PRICE, CAR_VIN_NUMBER) VALUES (TO_DATE('14/09/2021', 'DD/MM/YYYY'), TO_DATE('14/09/2022', 'DD/MM/YYYY'), 12000, 780, 'L223ND392DND2DK2N');
INSERT INTO INSURANCE_POLICY (CREATION_DATE, EXPIRATION_DATE, INSURANCE_AMOUNT, INSURANCE_PRICE, CAR_VIN_NUMBER) VALUES (TO_DATE('15/09/2022', 'DD/MM/YYYY'), TO_DATE('15/09/2023', 'DD/MM/YYYY'), 12000, 780, 'L223ND392DND2DK2N');
INSERT INTO INSURANCE_POLICY (CREATION_DATE, EXPIRATION_DATE, INSURANCE_AMOUNT, INSURANCE_PRICE, CAR_VIN_NUMBER) VALUES (TO_DATE('23/08/2022', 'DD/MM/YYYY'), TO_DATE('23/08/2023', 'DD/MM/YYYY'), 60000, 4050, 'N823N23ID9DJ2393E');
INSERT INTO INSURANCE_POLICY (CREATION_DATE, EXPIRATION_DATE, INSURANCE_AMOUNT, INSURANCE_PRICE, CAR_VIN_NUMBER) VALUES (TO_DATE('29/03/2022', 'DD/MM/YYYY'), TO_DATE('29/03/2022', 'DD/MM/YYYY'), 23000, 1800, 'XCD3D3E3FFJ93JEHE');
INSERT INTO INSURANCE_POLICY (CREATION_DATE, EXPIRATION_DATE, INSURANCE_AMOUNT, INSURANCE_PRICE, CAR_VIN_NUMBER) VALUES (TO_DATE('30/04/2021', 'DD/MM/YYYY'), TO_DATE('30/04/2022', 'DD/MM/YYYY'), 13800, 670, 'I912H22JDJ8HQONDQ');
INSERT INTO INSURANCE_POLICY (CREATION_DATE, EXPIRATION_DATE, INSURANCE_AMOUNT, INSURANCE_PRICE, CAR_VIN_NUMBER) VALUES (TO_DATE('21/06/2019', 'DD/MM/YYYY'), TO_DATE('21/06/2020', 'DD/MM/YYYY'), 5000, 230, 'HHW9ND39D3JND3IHE');
INSERT INTO INSURANCE_POLICY (CREATION_DATE, EXPIRATION_DATE, INSURANCE_AMOUNT, INSURANCE_PRICE, CAR_VIN_NUMBER) VALUES (TO_DATE('26/07/2022', 'DD/MM/YYYY'), TO_DATE('26/07/2023', 'DD/MM/YYYY'), 3500, 400, 'HHW9ND39D3JND3IHE');


-- INSERT INTO ACCIDENT_PARTICIPANT (CAR_NUMBER, IS_RESPONSIBLE) VALUES ();
--
-- INSERT INTO ACCIDENT_PARTICIPANT_PERSONS (ACCIDENT_PARTICIPANT_ID, PERSONS_ID) VALUES ();
--
-- INSERT INTO ACCIDENT_PARTICIPANTS (ACCIDENT_ID, PARTICIPANTS_ID) VALUES ();
--
-- INSERT INTO CAR_PERSON (CAR_ID, PERSON_ID) VALUES ();

